,ID,Type,Language_1,Lexemes_1,Meanings_1,Meaning_1,Direction,Languages_2,Lexemes_2,Meanings_2,Meaning_2
0,shift0007, Semantic evolution,"Ancient Greek, Irish Gaelic","Ancient Greek: [μετατρέπω], Irish Gaelic: [iompaigh]","μετατρέπω: [to turn back], iompaigh: [to turn, rotate (intr.)]","to turn back,to turn, rotate (intr.)",→,"Ancient Greek: [Modern Greek], Irish Gaelic: [Irish Gaelic]","μετατρέπω: [μετατρέπω], iompaigh: [iompaigh]","μετατρέπω: [to transform], iompaigh: [to become]","to transform,to become"
1,shift0008, Semantic evolution,Irish Gaelic,Irish Gaelic: [eolas],eolas: [to know],to know,→,Irish Gaelic: [Irish Gaelic],eolas: [eolas],eolas: [to know how],to know how
2,shift0013, Semantic evolution,Irish Gaelic,Irish Gaelic: [comhair],"comhair: [to calculate, count]","to calculate, count",→,Irish Gaelic: [Irish Gaelic],comhair: [comhair],comhair: [to take into account],to take into account
3,shift0016, Semantic evolution,Irish Gaelic,Irish Gaelic: [milis],milis: [sweet (taste)],sweet (taste),→,Irish Gaelic: [Irish Gaelic],milis: [milis],"milis: [dear, darling]","dear, darling"
4,shift0035, Semantic evolution,"French, Irish Gaelic","French: [considérer], Irish Gaelic: [feic]","considérer: [to stare, to gaze], feic: [to see/to look at]","to stare, to gaze,to see/to look at",→,"French: [French], Irish Gaelic: [Irish Gaelic]","considérer: [considérer], feic: [feic]","considérer: [to consider], feic: [to have opinion]","to consider,to have opinion"
5,shift0048, Semantic evolution,Latin,Latin: [aura],"aura: [air, breeze]","air, breeze",—,Latin: [Romansh],aura: [aura],"aura: [(Rumantsch Grischun, Sursilvan) weather]","(Rumantsch Grischun, Sursilvan) weather"
6,shift0057, Semantic evolution,Bulgarian,Bulgarian: [хлапе],хлапе: [boy],boy,←,Bulgarian: [Old Church Slavonic],хлапе: [хлапъ],"хлапъ: [servant, slave]","servant, slave"
7,shift0066, Semantic evolution,Russian,Russian: [galdet'],"galdet': [to clamor, to make a racket]","to clamor, to make a racket",→,Russian: [Russian],galdet': [galdet'],"galdet': [to say, to speak]","to say, to speak"
8,shift0068, Semantic evolution,Latin,Latin: [mane],mane: [morning],morning,—,"Latin: [French,Romanian,Aromanian,Catalan]","mane: [demain,mâine,mãni, mãne,demà]","demain,mâine,mãni, mãne,demà: [tomorrow]",tomorrow
9,shift0072, Semantic evolution,Latin,Latin: [color],color: [flower],flower,→,Latin: [Late Latin],color: [colores (pl.)],colores (pl.): [colour],colour
10,shift0073, Semantic evolution,Hill Mari,Hill Mari: [ширӹ],ширӹ: [(dated) sweet (taste)],(dated) sweet (taste),→,Hill Mari: [Hill Mari],ширӹ: [ширӹ],ширӹ: [fresh (of water)],fresh (of water)
11,shift0084, Semantic evolution,Russian,Russian: [грести],грести: [to dig],to dig,—,Russian: [Russian],грести: [грести],грести: [to row (with oars)],to row (with oars)
12,shift0099, Semantic evolution,Japanese,Japanese: [motomeru],motomeru: [look for],look for,→,Japanese: [Japanese],motomeru: [motomeru],"motomeru: [demand, request]","demand, request"
13,shift0102, Semantic evolution,Geez,Geez: [barra],"barra: [to purify, to make white]","to purify, to make white",→,Geez: [Geez],barra: [bərur],bərur: [silver],silver
14,shift0132, Semantic evolution,Latin,Latin: [Lunae dies],Lunae dies: [moon],moon,→,Latin: [Catalan],Lunae dies: [ Dilluns], Dilluns: [Monday],Monday
15,shift0140, Semantic evolution,French,French: [ravir],"ravir: [to steal, to carry away, to deprive of smth by force]","to steal, to carry away, to deprive of smth by force",—,French: [French],ravir: [ravir],"ravir: [to delight, to charm]","to delight, to charm"
16,shift0144, Semantic evolution,Irish Gaelic,Irish Gaelic: [ceangail],ceangail: [to be tied],to be tied,→,Irish Gaelic: [Irish Gaelic],ceangail: [ceangail],ceangail: [to feel affection],to feel affection
17,shift0150, Microevolution,Ancient Greek,Ancient Greek: [καθαρίζω],καθαρίζω: [to clean],to clean,→,Ancient Greek: [Ancient Greek],καθαρίζω: [καθαρίζω],"καθαρίζω: [to cure, treat (medically)]","to cure, treat (medically)"
18,shift0242, Semantic evolution,"Latin, Old East Slavic","Latin: [capio, -ere], Latin: [comprehendo, -ere], Old East Slavic: [пояти (pojati)], Old East Slavic: [уловити (uloviti)]","capio, -ere: [to catch], comprehendo, -ere: [to grasp], пояти (pojati): [to take, to get], уловити (uloviti): [to catch ]","to catch,to grasp,to take, to get,to catch ",→,"Latin: [Italian], Latin: [French], Old East Slavic: [Russian]","capio, -ere: [capire], comprehendo, -ere: [comprendre], пояти (pojati): [понять (ponjat')], уловити (uloviti): [уловить (ulovit')]","capire: [to understand], comprendre: [to understand], понять (ponjat'): [to understand ], уловить (ulovit'): [to capture, understand]","to understand,to understand ,to capture, understand"
19,shift0259, Semantic evolution,Latin,Latin: [serpens],serpens: [crawling],crawling,→,Latin: [French],serpens: [serpent],serpent: [snake],snake
20,shift0261, Semantic evolution,Old Irish,Old Irish: [taide],taide: [thief],thief,—,Old Irish: [Old Irish],taide: [taide],taide: [adulterer],adulterer
21,shift0272, Semantic evolution,"Acehnese, Indonesian, Old Japanese, Vietnamese","Acehnese: [ulon], Indonesian: [sahaya], Old Japanese: [boku], Vietnamese: [tŏi, tố]","ulon: [slave], sahaya: [servant], boku: [servant, slave], tŏi, tố: [servant]","slave,servant,servant, slave",→,"Acehnese: [Acehnese], Indonesian: [Indonesian], Old Japanese: [Japanese], Vietnamese: [Vietnamese]","ulon: [ulon], sahaya: [saya], boku: [boku], tŏi, tố: [tŏi, tố]","ulon: [I, me], saya: [I, me], boku: [I, me (male)], tŏi, tố: [I, me]","I, me,I, me (male)"
22,shift0273, Semantic evolution,"Burmese, Japanese, Thai","Burmese: [hyinv], Burmese: [minx], Japanese: [kimi], Thai: [câw], Thai: [naaj]","hyinv: [lord, master], minx: [king], kimi: [lord, emperor], câw: [prince, lord], naaj: [master, owner]","lord, master,king,lord, emperor,prince, lord,master, owner",→,"Burmese: [Burmese], Japanese: [Japanese], Thai: [Thai]","hyinv: [hyinv], minx: [minx], kimi: [kimi], câw: [câw], naaj: [naaj]","hyinv: [you], minx: [you], kimi: [you], câw: [you], naaj: [you]",you
23,shift0337, Semantic evolution,Old East Slavic,Old East Slavic: [поразити],"поразити: [to beat, hit]","to beat, hit",→,Old East Slavic: [Russian],поразити: [поразить],поразить: [to astonish],to astonish
24,shift0391, Semantic evolution,Old East Slavic,Old East Slavic: [добрыи],добрыи: [good],good,→,Old East Slavic: [Russian],добрыи: [добрый],"добрый: [kind, good-hearted]","kind, good-hearted"
25,shift0392, Semantic evolution,"Old East Slavic, Tamil","Old East Slavic: [хорошии], Tamil: [*nal-]","хорошии: [beautiful, decorated], *nal-: [good]","beautiful, decorated,good",→,"Old East Slavic: [Russian], Tamil: [Telugu]","хорошии: [horošij], *nal-: [naluvu]","horošij: [good], naluvu: [beauty, ability; beautiful.]","good,beauty, ability; beautiful."
26,shift0415, Semantic evolution,"Latin, Old East Slavic","Latin: [capto, -āre], Old East Slavic: [ловити]","capto, -āre: [various meanings related to catching], ловити: [to hunt, catch]","various meanings related to catching,to hunt, catch",→,"Latin: [Italian], Old East Slavic: [Old East Slavic]","capto, -āre: [cacciare], ловити: [ловить]","cacciare: [to hunt], ловить: [to catch]","to hunt,to catch"
27,shift0434, Semantic evolution,Medieval Latin,Medieval Latin: [spatula],spatula: [épaule humaine - man's shoulder],épaule humaine - man's shoulder,→,Medieval Latin: [Spanish],spatula: [espalda],espalda: [back],back
28,shift0442, Semantic evolution,Old East Slavic,Old East Slavic: [простыи],простыи: [straight],straight,→,Old East Slavic: [Russian],простыи: [простой],простой: [simple],simple
29,shift0446, Semantic evolution,Hopi,Hopi: [puvùpwpi(’at) ],puvùpwpi(’at) : [eyelid],eyelid,—,Hopi: [Hopi],puvùpwpi(’at) : [puvùpwpi(’at) ],puvùpwpi(’at) : [eyebrow],eyebrow
30,shift0497, Semantic evolution,Hungarian,Hungarian: [orr],"orr: [top, mountain]","top, mountain",,Hungarian: [Hungarian],orr: [orr],orr: [nose],nose
31,shift0557, Semantic evolution,Old Irish,Old Irish: [scel],scel: [history],history,→,Old Irish: [Old Irish],scel: [scel],"scel: [event, occurrence]","event, occurrence"
32,shift0560, Semantic evolution,Latin,"Latin: [confundo, confundere]","confundo, confundere: [to mix, stir]","to mix, stir",→,Latin: [French],"confundo, confundere: [confondre]",confondre: [to confuse (with)],to confuse (with)
33,shift0575, Semantic evolution,Chadian Arabic,Chadian Arabic: [binēye (بنية)],binēye (بنية): [girl],girl,←,Chadian Arabic: [Modern Written Arabic],binēye (بنية): [bunayya (بُنَيَّة)],bunayya (بُنَيَّة): [little daughter],little daughter
34,shift0580, Semantic evolution,Russian,Russian: [ряшка / ряжка (rjaška / rjažka)],"ряшка / ряжка (rjaška / rjažka): [small tub, bucket]","small tub, bucket",—,Russian: [Russian],"ряшка / ряжка (rjaška / rjažka): [ряшка, ряха (rjaška, rjaha)]","ряшка, ряха (rjaška, rjaha): [face (substandard, contempt., vulg. )]","face (substandard, contempt., vulg. )"
35,shift0622, Semantic evolution,Latin,Latin: [nova],nova: [new (feminine nominative/vocative singular)],new (feminine nominative/vocative singular),→,"Latin: [Spanish,Portuguese]","nova: [novia,noiva]","novia,noiva: [bride]",bride
36,shift0695, Semantic evolution,Old East Slavic,Old East Slavic: [поразити],"поразити: [to strike, hit]","to strike, hit",→,Old East Slavic: [Russian],поразити: [поражение],"поражение: [to defeat, win]","to defeat, win"
37,shift0732, Semantic evolution,Latin,Latin: [rota],rota: [the wheel of a vehicle],the wheel of a vehicle,→,Latin: [Spanish],rota: [rodilla],rodilla: [knee],knee
38,shift0733, Semantic evolution,Middle English,Middle English: [wrong],"wrong: [curved, crooked, bent]","curved, crooked, bent",—,Middle English: [English],wrong: [wrong],wrong: [wrong],wrong
39,shift0743, Semantic evolution,Latin,"Latin: [pendo, -ere]","pendo, -ere: [to weight (objects)]",to weight (objects),→,Latin: [French],"pendo, -ere: [penser]",penser: [to think],to think
40,shift0779, Semantic evolution,"Akkadian, Arabic","Akkadian: [bi/urku], Arabic: [faḫiḏ-]","bi/urku: [knee], faḫiḏ-: [thigh; the smallest subdivision of a tribe]","knee,thigh; the smallest subdivision of a tribe",→,"Akkadian: [Tigrinya], Arabic: [Soqotri]","bi/urku: [bərək], faḫiḏ-: [fâḥid]","bərək: [community], fâḥid: [people]","community,people"
41,shift0782, Semantic evolution,Classical Arabic,Classical Arabic: [أَلْمَعُ ʔalmaʕ-u],"أَلْمَعُ ʔalmaʕ-u: [brightly shining, sparkling, flashing, glowing]","brightly shining, sparkling, flashing, glowing",→,Classical Arabic: [Modern Written Arabic],أَلْمَعُ ʔalmaʕ-u: [أَلْمَعُ ʔalmaʕ-u],"أَلْمَعُ ʔalmaʕ-u: [sagacious, smart, shrewd, clever, bright, intelligent]","sagacious, smart, shrewd, clever, bright, intelligent"
42,shift0796, Semantic evolution,Old High German,Old High German: [tragan],tragan: [to carry],to carry,—,Old High German: [Dutch],tragan: [drachling],drachling: [pregnant],pregnant
43,shift0822, Semantic evolution,Latin,Latin: [vermiculus],"vermiculus: [little worm (→  the scarlet worm, Vulg. Exod. 35, 25; cf. Hier. Ep. 64, 19)]","little worm (→  the scarlet worm, Vulg. Exod. 35, 25; cf. Hier. Ep. 64, 19)",→,Latin: [Old French],vermiculus: [vermeil],vermeil: [bright red; vermilion],bright red; vermilion
44,shift0824, Semantic evolution,Latin,Latin: [crocum],crocum: [saffron (Crocus sativus)],saffron (Crocus sativus),→,Latin: [Catalan],crocum: [groc],groc: [yellow],yellow
45,shift0837, Semantic evolution,Old East Slavic,Old East Slavic: [гость],"гость: [guest, stranger]","guest, stranger",→,Old East Slavic: [Old East Slavic],гость: [гость],гость: [guest merchant],guest merchant
46,shift0845, Semantic evolution,Old East Slavic,Old East Slavic: [брань (bran')],брань (bran'): [fight],fight,→,Old East Slavic: [Russian],брань (bran'): [браниться],браниться: [to quarell],to quarell
47,shift0848, Semantic evolution,Latin,Latin: [ad noctem],ad noctem: [at night],at night,→,Latin: [Portuguese],ad noctem: [ontem],ontem: [yesterday],yesterday
48,shift0849, Semantic evolution,Polish,Polish: [ważny],ważny: [heavy (of weight)],heavy (of weight),→,Polish: [Polish],ważny: [ważny],ważny: [important],important
49,shift0878, Semantic evolution,"Classical Arabic, Old Sweden, Sabaic, Soqotri","Classical Arabic: [اقْتَنَى ˀiqtanā (VIII stem)], Old Sweden: [boskap], Sabaic: [ḳny], Soqotri: [ḳénho]","اقْتَنَى ˀiqtanā (VIII stem): [to possess], boskap: [household, household goods, property], ḳny: [to acquire], ḳénho: [property, possessions]","to possess,household, household goods, property,to acquire,property, possessions",→,"Classical Arabic: [Classical Arabic], Old Sweden: [Swedish], Sabaic: [Sabaic], Soqotri: [Soqotri]","اقْتَنَى ˀiqtanā (VIII stem): [اقْتَنَى ˀiqtanā (VIII stem)], boskap: [boskap], ḳny: [ḳny], ḳénho: [ḳén(h)o]","اقْتَنَى ˀiqtanā (VIII stem): [to acquire cattle (camels)], boskap: [cattle], ḳny: [livestock, cattle], ḳén(h)o: [animals, cattle]","to acquire cattle (camels),cattle,livestock, cattle,animals, cattle"
50,shift0898, Semantic evolution,"English, Latin","English: [cheek], Latin: [maxilla]","cheek: [cheek], maxilla: [jaw]","cheek,jaw",,"English: [Old English], Latin: [Italian]","cheek: [cēace], maxilla: [mascella]","cēace: [jaw], mascella: [cheek]","jaw,cheek"
51,shift0905, Semantic evolution,Latin,Latin: [absurdus],"absurdus: [mraningless, absurd]","mraningless, absurd",,Latin: [Spanish],absurdus: [zurdo],zurdo: [left (hand); awkward],left (hand); awkward
52,shift0911, Semantic evolution,Latin,Latin: [talpa],talpa: [mole (Talpa)],mole (Talpa),→,Latin: [Italian],talpa: [topo],"topo: [mouse, rat]","mouse, rat"
53,shift0922, Semantic evolution,Ancient Greek,Ancient Greek: [ἐξευρίσκω],"ἐξευρίσκω: [to find out, discover]","to find out, discover",→,Ancient Greek: [Modern Greek],ἐξευρίσκω: [ξέρω],ξέρω: [to know],to know
54,shift0940, Semantic evolution,Old East Slavic,Old East Slavic: [суровъ],суровъ: [raw],raw,→,Old East Slavic: [Russian],суровъ: [суровый],"суровый: [severe, harsh]","severe, harsh"
55,shift0942, Semantic evolution,Latin,Latin: [absurdus],"absurdus: [senseless, meaningless]","senseless, meaningless",,Latin: [Spanish],absurdus: [zurdo],zurdo: [left (hand); awkward],left (hand); awkward
56,shift0943, Semantic evolution,Latin,"Latin: [accapto, -are]","accapto, -are: [to catch, to seize]","to catch, to seize",→,Latin: [French],"accapto, -are: [acheter]",acheter: [to buy],to buy
57,shift0964, Semantic evolution,Latin,Latin: [habeo],habeo: [to possess],to possess,→,Latin: [Spanish],habeo: [hay],"hay: [to be, exist]","to be, exist"
58,shift0970, Semantic evolution,Latin,"Latin: [intendo, -ere]","intendo, -ere: [to strain]",to strain,→,Latin: [Medieval Latin],"intendo, -ere: [intendo, intendere]","intendo, intendere: [to understand]",to understand
59,shift0977, Semantic evolution,Latin,Latin: [testa],testa: [pot],pot,→,Latin: [French],testa: [tête],tête: [head],head
60,shift0980, Semantic evolution,"Ancient Greek, Old East Slavic","Ancient Greek: [τρέχω], Old East Slavic: [течи]","τρέχω: [to run], течи: [to move fast]","to run,to move fast",→,"Ancient Greek: [Modern Greek], Old East Slavic: [Russian]","τρέχω: [τρέχω], течи: [течь (teč')]","τρέχω: [to run, to flow], течь (teč'): [to flow]","to run, to flow,to flow"
61,shift0981, Semantic evolution,Latin,"Latin: [spero, -are]","spero, -are: [to hope]",to hope,—,Latin: [Spanish],"spero, -are: [esperar]",esperar: [to wait],to wait
62,shift0983, Semantic evolution,Latin,"Latin: [demoror, -ari]","demoror, -ari: [to delay, to linger]","to delay, to linger",—,Latin: [French],"demoror, -ari: [demeurer]","demeurer: [to live, to dwell]","to live, to dwell"
63,shift1005, Semantic evolution,"Icelandic, Latin","Icelandic: [höfuð], Latin: [caput]","höfuð: [head], caput: [head]",head,→,"Icelandic: [Icelandic], Latin: [French]","höfuð: [höfuð], caput: [chef]","höfuð: [chief], chef: [chief]",chief
64,shift1007, Semantic evolution,Anatolian Arabic,Anatolian Arabic: [nahār],nahār: [sun],sun,←,Anatolian Arabic: [Anatolian Arabic],nahār: [nahār],nahār: [day],day
65,shift1011, Semantic evolution,Latin,"Latin: [premo, -ere]","premo, -ere: [to press]",to press,—,Latin: [French],"premo, -ere: [imprimer]",imprimer: [to print],to print
66,shift1055, Semantic evolution,"Latin, Old East Slavic","Latin: [stagnum], Old East Slavic: [олово (olovo)]","stagnum: [an alloy of silver and lead], олово (olovo): [lead]","an alloy of silver and lead,lead",—,"Latin: [Late Latin], Old East Slavic: [Old East Slavic]","stagnum: [stannum], олово (olovo): [олово (olovo)]","stannum: [tin (n.)], олово (olovo): [tin]","tin (n.),tin"
67,shift1064, Semantic evolution,Swedish,Swedish: [hane],hane: [rooster],rooster,→,Swedish: [Swedish],hane: [hane],hane: [cock (of a gun)],cock (of a gun)
68,shift1089, Semantic evolution,Spanish,Spanish: [querer],querer: [to want],to want,←,Spanish: [Latin],"querer: [quaero, -ere]","quaero, -ere: [to ask, inquire]","to ask, inquire"
69,shift1108, Semantic evolution,Irish Gaelic,Irish Gaelic: [geal],"geal: [light, bright, clear]","light, bright, clear",→,Irish Gaelic: [Irish Gaelic],geal: [geal],geal: [glad],glad
70,shift1152, Semantic evolution,Armenian,Armenian: [mard (մարդ)],mard (մարդ): [mortal],mortal,→,Armenian: [Armenian],mard (մարդ): [mard (մարդ)],mard (մարդ): [person],person
71,shift1163, Semantic evolution,Old French,Old French: [labourer],labourer: [to work],to work,—,Old French: [French],labourer: [labourer],labourer: [to plough],to plough
72,shift1164, Semantic evolution,"Chechen, Classical Arabic, Ingush, Old French, Old Irish","Chechen: [q̇aḥēga], Classical Arabic: [عُنِىَ (pass. voice) ], Ingush: [q̇aḥega], Old French: [travail], Old Irish: [dúad]","q̇aḥēga: [towork, to toil], عُنِىَ (pass. voice) : [to work, to be occupied with sth. ], q̇aḥega: [to labour, to strive], travail: [suffering, torment], dúad: [suffering]","towork, to toil,to work, to be occupied with sth. ,to labour, to strive,suffering, torment,suffering",→,"Chechen: [Chechen], Classical Arabic: [Classical Arabic], Ingush: [Ingush], Old French: [French], Old Irish: [Irish Gaelic]","q̇aḥēga: [q̇aḥēga], عُنِىَ (pass. voice) : [عَانَى (III-stem)], q̇aḥega: [q̇aḥega], travail: [travail], dúad: [dúa]","q̇aḥēga: [to suffer], عَانَى (III-stem): [to endure, to suffer], q̇aḥega: [to suffer], travail: [work (n.)], dúa: [work]","to suffer,to endure, to suffer,work (n.),work"
73,shift1167, Semantic evolution,"Ancient Greek, French, Latin","Ancient Greek: [φρίσσω], French: [craindre], Latin: [tremo, -ere]","φρίσσω: [to tremble, to quiver, to shiver], craindre: [to tremble], tremo, -ere: [to tremble]","to tremble, to quiver, to shiver,to tremble",→,"Ancient Greek: [Modern Greek], French: [French], Latin: [French]","φρίσσω: [φρίσσω], craindre: [craindre], tremo, -ere: [craindre]","φρίσσω: [to be afraid], craindre: [to be afraid]",to be afraid
74,shift1170, Semantic evolution,Latin,Latin: [barbatus],"barbatus: [bearded], barbatus: [bearded man]","bearded,bearded man",→,"Latin: [Romanian], Latin: [Aromanian]","barbatus: [bărbat], barbatus: [bãrbat]","bărbat: [man], bãrbat: [man (male)]","man,man (male)"
75,shift1171, Semantic evolution,Romanian,Romanian: [inimă],"inimă: [heart; (figurative, popular) soul]","heart; (figurative, popular) soul",←,Romanian: [Latin],inimă: [anima],anima: [soul],soul
76,shift1174, Semantic evolution,Latin,Latin: [miror],miror: [to be surprised],to be surprised,→,Latin: [Spanish],miror: [mirar],mirar: [to look],to look
77,shift1186, Semantic evolution,Russian,Russian: [долгий (dolgij)],долгий (dolgij): [long (archaic)],long (archaic),—,Russian: [Russian],долгий (dolgij): [долгий (dolgij)],долгий (dolgij): [continued],continued
78,shift1200, Semantic evolution,Old French,Old French: [put],put: [stench],stench,→,Old French: [French],put: [putois],"putois: [polecat, ferret (Mustela putorius)]","polecat, ferret (Mustela putorius)"
79,shift1222, Semantic evolution,Old English,Old English: [fæst],"fæst: [firm, stable]","firm, stable",→,Old English: [English],fæst: [fast],"fast: [quick, fast]","quick, fast"
80,shift1246, Semantic evolution,Old Church Slavonic,Old Church Slavonic: [быстръ],"быстръ: [quick, speedy]","quick, speedy",—,Old Church Slavonic: [Bulgarian],быстръ: [bistăr],"bistăr: [clear, transparent]","clear, transparent"
81,shift1270, Semantic evolution,Ancient Greek,Ancient Greek: [ψυμίον],ψυμίον: [piece],piece,→,Ancient Greek: [Modern Greek],ψυμίον: [ψυμί],ψυμί: [bread],bread
82,shift1293, Semantic evolution,French,French: [coude],coude: [elbow],elbow,←,French: [Latin],coude: [cubitus],cubitus: [reclined],reclined
83,shift1294, Semantic evolution,"Danish, Norwegian","Danish: [meget], Norwegian: [meget]",meget: [many],many,→,"Danish: [Danish], Norwegian: [Norwegian]",meget: [meget],meget: [very],very
84,shift1315, Semantic evolution,Irish Gaelic,Irish Gaelic: [ceann],ceann: [head],head,→,Irish Gaelic: [Irish Gaelic],ceann: [ceann],ceann: [mind (n.)],mind (n.)
85,shift1367, Semantic evolution,Latin,Latin: [debilis],"debilis: [weak, feeble]","weak, feeble",→,Latin: [French],debilis: [débile],débile: [stupid],stupid
86,shift1377, Microevolution,Russian,Russian: [шибко],шибко: [quickly],quickly,→,Russian: [Russian],шибко: [шибко],"шибко: [very, too much]","very, too much"
87,shift1398, Semantic evolution,Latin,Latin: [catarius],catarius: [feline],feline,→,Latin: [French],catarius: [cataire],cataire: [Nepeta cataria],Nepeta cataria
88,shift1404, Semantic evolution,Russian,Russian: [črevatyj],črevatyj: [pregnant],pregnant,—,Russian: [Russian],črevatyj: [črevatyj],črevatyj: [pregnant with smth],pregnant with smth
89,shift1405, Semantic evolution,"Latin, Norwegian","Latin: [fascino, -are], Norwegian: [fortrylle ]","fascino, -are: [to bewitch], fortrylle : [to practise witchcraft]","to bewitch,to practise witchcraft",→,"Latin: [French], Norwegian: [Norwegian]","fascino, -are: [fasciner], fortrylle : [fortrylle ]","fasciner: [to charm, to captivate], fortrylle : [to fascinate]","to charm, to captivate,to fascinate"
90,shift1411, Semantic evolution,Latin,Latin: [humilis],"humilis: [low, close to the ground]","low, close to the ground",→,Latin: [French],humilis: [humble],humble: [humble],humble
91,shift1432, Semantic evolution,Latin,Latin: [calix],"calix: [cup, chalice; cooking pot]","cup, chalice; cooking pot",→,Latin: [Spanish],calix: [cauce],cauce: [river-bed],river-bed
92,shift1496, Semantic evolution,Old French,"Old French: [boiel, boel]","boiel, boel: [bowels, intestine]","bowels, intestine",←,Old French: [Latin],"boiel, boel: [botellus]",botellus: [a small sausage],a small sausage
93,shift1585, Semantic evolution,"English, French, Russian","English: [Xerox], French: [Nescafé], Russian: [Thermos]","Xerox: [manufacturer's name], Nescafé: [manufacturer, producer], Thermos: [manufacturer's name]","manufacturer's name,manufacturer, producer",→,"English: [Russian], French: [Romanian], Russian: [Russian]","Xerox: [kseroks], Nescafé: [nescafe, nes], Thermos: [termos]","kseroks: [photocopier], nescafe, nes: [soluble coffee], termos: [thermos]","photocopier,soluble coffee,thermos"
94,shift1632, Semantic evolution,Romanian,Romanian: [a curge],a curge: [to flow],to flow,←,Romanian: [Latin],"a curge: [curro, -ere]","curro, -ere: [to run]",to run
95,shift1647, Semantic evolution,Latin,Latin: [anima ],anima : [breathing],breathing,—,Latin: [French],anima : [âme],âme: [soul],soul
96,shift1665, Semantic evolution,"Latin, Old English","Latin: [vivenda], Old English: [mete]","vivenda: [food], mete: [food, nourishment]","food,food, nourishment",→,"Latin: [French], Old English: [English]","vivenda: [viande], mete: [meat]","viande: [meat], meat: [meat]",meat
97,shift1690, Semantic evolution,Latin,"Latin: [apprehendo, -ere]","apprehendo, -ere: [to grasp, to catch]","to grasp, to catch",—,Latin: [Romanian],"apprehendo, -ere: [a aprinde]","a aprinde: [to light (fire), to switch on light]","to light (fire), to switch on light"
98,shift1697, Semantic evolution,Old Church Slavonic,Old Church Slavonic: [хранити],"хранити: [to guard, to protect]","to guard, to protect",,Old Church Slavonic: [Bulgarian],хранити: [hrana],hrana: [food],food
99,shift1700, Semantic evolution,Latin,Latin: [vita],vita: [жизнь],жизнь,→,Latin: [Romanian],vita: [vită],vită: [cattle (mostly cows)],cattle (mostly cows)
100,shift1722, Semantic evolution,French,French: [vif],vif: [alive],alive,→,French: [French],vif: [vif],"vif: [active, quick]","active, quick"
101,shift1766, Semantic evolution,Old East Slavic,Old East Slavic: [постичи],постичи: [to catch up with],to catch up with,—,Old East Slavic: [Russian],постичи: [постичь (postič')],постичь (postič'): [to understand],to understand
102,shift1816, Semantic evolution,Latin,"Latin: [dependo, -ere]","dependo, -ere: [to hang]",to hang,→,Latin: [French],"dependo, -ere: [dépendre]",dépendre: [to depend],to depend
103,shift1843, Semantic evolution,"Belarusan, Ukrainian","Belarusan: [вяселле (vjasjéllje)], Ukrainian: [весiлля (vesíllja)]","вяселле (vjasjéllje): [fun], весiлля (vesíllja): [fun, gaiety]","fun,fun, gaiety",→,"Belarusan: [Belarusan], Ukrainian: [Ukrainian]","вяселле (vjasjéllje): [вяселле (vjasjéllje)], весiлля (vesíllja): [весiлля (vesíllja)]","вяселле (vjasjéllje): [wedding], весiлля (vesíllja): [wedding]",wedding
104,shift1883, Semantic evolution,Classical Arabic,Classical Arabic: [نَقَبَ naqaba],"نَقَبَ naqaba: [to pierce, to bore]","to pierce, to bore",→,Classical Arabic: [Ancient Hebrew],نَقَبَ naqaba: [nəḳēbā ],"nəḳēbā : [woman, female (""perforata"")]","woman, female (""perforata"")"
105,shift1985, Semantic evolution,"Irish Gaelic, Latin","Irish Gaelic: [airgead], Latin: [argentum]","airgead: [silver], argentum: [silver]",silver,—,"Irish Gaelic: [Irish Gaelic], Latin: [Old Spanish]","airgead: [airgead], argentum: [ariento]","airgead: [money], ariento: [a certain silver coin used in the kingdoms of Castile and León; (biblical) a piece of silver, a shekel]","money,a certain silver coin used in the kingdoms of Castile and León; (biblical) a piece of silver, a shekel"
106,shift2086, Semantic evolution,Old English,Old English: [husbonda],"husbonda: [master, owner]","master, owner",→,Old English: [English],husbonda: [husband],husband: [husband],husband
107,shift2108, Semantic evolution,"Ancient Hebrew, Latin","Ancient Hebrew: [khašmál], Latin: [electricus]","khašmál: [electrum, amber], electricus: [amber]","electrum, amber,amber",→,"Ancient Hebrew: [Modern Hebrew], Latin: [New Latin]","khašmál: [khašmál], electricus: [electricus]","khašmál: [electricity], electricus: [electric]","electricity,electric"
108,shift2118, Semantic evolution,Icelandic,Icelandic: [unna],unna: [to love],to love,—,Icelandic: [Icelandic],unna: [unna],"unna: [to permit, to provide, to let]","to permit, to provide, to let"
109,shift2154, Semantic evolution,Faroese,Faroese: [epli],epli: [apple],apple,→,Faroese: [Faroese],epli: [epli],epli: [potato],potato
110,shift2155, Semantic evolution,"Ancient Greek, French, German, Latin, Old Persian, Ukrainian","Ancient Greek: [ἕλληνες], French: [hongre], German: [Hunne], Latin: [latini], Old Persian: [parthavan], Ukrainian: [varjah]","ἕλληνες: [the Greeks], hongre: [a Hungarian man], Hunne: [Hun], latini: [residents of Latium, late romans], parthavan: [Parthian], varjah: [Varangian, a person from the Scandinavian tribe]","the Greeks,a Hungarian man,Hun,residents of Latium, late romans,Parthian,Varangian, a person from the Scandinavian tribe",→,"Ancient Greek: [Bulgarian], French: [French], German: [German], Latin: [Bulgarian], Old Persian: [Farsi], Ukrainian: [Ukrainian]","ἕλληνες: [elini], hongre: [ogre], Hunne: [Hüne], latini: [latini], parthavan: [pählivân], varjah: [varjah, varjaha]","elini: [giants], ogre: [orc], Hüne: [giant], latini: [giants], pählivân: [hero, athlete], varjah, varjaha: [husky, sturdy]","giants,orc,giant,hero, athlete,husky, sturdy"
111,shift2187, Semantic evolution,Old High German,Old High German: [treffan],"treffan: [strike, hit]","strike, hit",→,Old High German: [German],treffan: [treffen],treffen: [meet],meet
112,shift2191, Semantic evolution,Swedish,Swedish: [rolig],rolig: [calm],calm,→,Swedish: [Swedish],rolig: [rolig],rolig: [funny],funny
113,shift2203, Semantic evolution,Sumerian,Sumerian: [uĝnim + (written logographically as KI.SU.LU.UB2.GAR)],uĝnim + (written logographically as KI.SU.LU.UB2.GAR): [camp],camp,—,Sumerian: [Akkadian],uĝnim + (written logographically as KI.SU.LU.UB2.GAR): [ummānum],"ummānum: [military force, troops, army]","military force, troops, army"
114,shift2262, Semantic evolution,Japanese,Japanese: [kane (金)],kane (金): [metal],metal,→,Japanese: [Japanese],kane (金): [kane (金)],kane (金): [money],money
115,shift2313, Semantic evolution,Latin,Latin: [responsus],responsus: [answer],answer,→,Latin: [French],responsus: [responsable],responsable: [responsible],responsible
116,shift2357, Semantic evolution,Kazakh,Kazakh: [ата (ata)],ата (ata): [father],father,→,Kazakh: [Kazakh],ата (ata): [ата (ata)],ата (ata): [grandfather],grandfather
117,shift2379, Semantic evolution,Slovak,Slovak: [strela],strela: [arrow],arrow,→,Slovak: [Slovak],strela: [strela],strela: [bullet],bullet
118,shift2382, Semantic evolution,Thai,Thai: [bpʉʉn (ปืน)],"bpʉʉn (ปืน): [(archaic) weapon from which arrows or the like are shot, as bow, crossbow, blowgun, etc.]","(archaic) weapon from which arrows or the like are shot, as bow, crossbow, blowgun, etc.",→,Thai: [Thai],bpʉʉn (ปืน): [bpʉʉn (ปืน)],bpʉʉn (ปืน): [gun],gun
119,shift2390, Semantic evolution,Phrygian,Phrygian: [ῥομφαία],ῥομφαία: [spear],spear,→,Phrygian: [Albanian],ῥομφαία: [rruféja],rruféja: [lightning],lightning
120,shift2393, Semantic evolution,Old High German,Old High German: [slahan],slahan: [to strike],to strike,→,Old High German: [German],slahan: [Schlacht],Schlacht: [battle],battle
121,shift2395, Semantic evolution,Spanish,Spanish: [pelear],"pelear: [to pull smn by the hair, to fight]","to pull smn by the hair, to fight",→,Spanish: [Spanish],pelear: [pelear],pelear: [to fight],to fight
122,shift2397, Semantic evolution,Latin,"Latin: [saluto, -are]","saluto, -are: [to greet]",to greet,→,Latin: [Romanian],"saluto, -are: [a săruta]",a săruta: [to kiss],to kiss
123,shift2404, Semantic evolution,Welsh,Welsh: [cynhaeaf],cynhaeaf: [autumn],autumn,→,Welsh: [Welsh],cynhaeaf: [cynhaeaf],cynhaeaf: [harvest],harvest
124,shift2405, Semantic evolution,"Dutch, Romanian","Dutch: [oogst], Romanian: [măsălar]","oogst: [august], măsălar: [(popular/folk) August]","august,(popular/folk) August",→,"Dutch: [Dutch], Romanian: [Latin]","oogst: [oogst], măsălar: [messis]","oogst: [harvest], messis: [harvest]",harvest
125,shift2406, Semantic evolution,Ancient Hebrew,Ancient Hebrew: [Thirass (תִירָס)],Thirass (תִירָס): [a son of Japheth listed in Genesis 10 who was sometimes identified with the Turkish people],a son of Japheth listed in Genesis 10 who was sometimes identified with the Turkish people,→,Ancient Hebrew: [Modern Hebrew],Thirass (תִירָס): [tirás (תירס)],tirás (תירס): [maize],maize
126,shift2424, Semantic evolution,Old English,Old English: [furh],furh: [pine tree],pine tree,→,Old English: [Middle English],furh: [fyrre],fyrre: [fir tree],fir tree
127,shift2478, Semantic evolution,Latin,Latin: [buccula],buccula: [cheek],cheek,→,Latin: [Old French],buccula: [bocler],bocler: [shield],shield
128,shift2481, Semantic evolution,Old French,Old French: [fort],fort: [strong],strong,→,Old French: [Old French],fort: [forteresce],forteresce: [fortress (building)],fortress (building)
129,shift2519, Semantic evolution,Russian,Russian: [dom],dom: [house],house,→,Russian: [Russian],dom: [dom],dom: [tomb],tomb
130,shift2541, Semantic evolution,Old East Slavic,Old East Slavic: [великыи],"великыи: [big, large]","big, large",→,Old East Slavic: [Russian],великыи: [великий],великий: [great],great
131,shift2568, Semantic evolution,Polish,Polish: [łono],"łono: [lap, knees, breast]","lap, knees, breast",←,Polish: [Polish],łono: [łono],łono: [genitalia (obs.)],genitalia (obs.)
132,shift2592, Semantic evolution,Romanian,Romanian: [oaste],oaste: [army],army,←,Romanian: [Latin],oaste: [hostis],hostis: [military campaign],military campaign
133,shift2614, Semantic evolution,Old English,Old English: [gemæne],"gemæne: [common, shared by several people]","common, shared by several people",→,Old English: [English],gemæne: [mean],mean: [bad],bad
134,shift2615, Semantic evolution,Classical Arabic,Classical Arabic: [نَمِرَ namira],نَمِرَ namira: [to be brilliant],to be brilliant,→,Classical Arabic: [Classical Arabic],"نَمِرَ namira: [نَمِر ,نَمِير namir-, namīr-]","نَمِر ,نَمِير namir-, namīr-: [pure, clean]","pure, clean"
135,shift2629, Semantic evolution,Irish Gaelic,Irish Gaelic: [mag],mag: [field],field,→,Irish Gaelic: [Irish Gaelic],mag: [amach],amach: [on the outside],on the outside
136,shift2646, Semantic evolution,Latin,"Latin: [evolvo, -ere]","evolvo, -ere: [unwrap]",unwrap,→,Latin: [Italian],"evolvo, -ere: [evolvere]",evolvere: [to develop],to develop
137,shift2647, Semantic evolution,French,French: [nacelle],"nacelle: [boat, yawl, canoe]","boat, yawl, canoe",←,French: [Latin],nacelle: [navicella],navicella: [small ship],small ship
138,shift2651, Semantic evolution,Old East Slavic,Old East Slavic: [алкати],"алкати: [to starve, to famish]","to starve, to famish",→,Old East Slavic: [Russian],алкати: [alkat'],alkat': [to desire],to desire
139,shift2654, Semantic evolution,Old English,Old English: [steorfan],steorfan: [die],die,→,Old English: [English],steorfan: [starve],starve: [to starve],to starve
140,shift2672, Semantic evolution,Ancient Greek,Ancient Greek: [βοτάνη],βοτάνη: [plant],plant,→,Ancient Greek: [Byzantine Greek],βοτάνη: [βοτάνη],βοτάνη: [gunpowder],gunpowder
141,shift2683, Semantic evolution,German,German: [hell],"hell: [light, clear]","light, clear",←,German: [Middle High German],hell: [hel],hel: [loud],loud
142,shift2685, Semantic evolution,Latin,Latin: [socius],"socius: [fellow, sharer, partner, comrade, companion; partner in business; ally]","fellow, sharer, partner, comrade, companion; partner in business; ally",→,Latin: [Romanian],socius: [soț],soț: [husband],husband
143,shift2697, Semantic evolution,Finnish,"Finnish: [haastaa], Finnish: [puhua]","haastaa: [to breath, to sigh], puhua: [to blow]","to breath, to sigh,to blow",→,Finnish: [Finnish],"haastaa: [haastaa], puhua: [puhua]","haastaa: [to say, to speak], puhua: [to say, to speak]","to say, to speak"
144,shift2699, Semantic evolution,Hungarian,Hungarian: [vak],vak: [dark (adj.)],dark (adj.),←,Hungarian: [Hungarian],vak: [vak],vak: [blind],blind
145,shift2704, Semantic evolution,Old English,Old English: [spōn],"spōn: [chip, splinter]","chip, splinter",→,Old English: [Middle English],spōn: [spone],spone: [spoon],spoon
146,shift2706, Semantic evolution,Latin,Latin: [allevatum],allevatum: [risen],risen,→,Latin: [Romanian],allevatum: [aluat],aluat: [dough],dough
147,shift2708, Semantic evolution,Ancient Greek,Ancient Greek: [τράπεζα],τράπεζα: [table],table,→,Ancient Greek: [Modern Greek],τράπεζα: [τράπεζα],τράπεζα: [bank],bank
148,shift2715, Semantic evolution,Akkadian,Akkadian: [ṣēru ],ṣēru : [back (body part)],back (body part),—,Akkadian: [Akkadian],ṣēru : [ṣēru ],ṣēru : [surface],surface
149,shift2720, Semantic evolution,Old East Slavic,Old East Slavic: [волухъ],волухъ: [bull shepherd],bull shepherd,→,Old East Slavic: [Russian],волухъ: [олух (oluh)],"олух (oluh): [(derogatory) blockhead, stupid person]","(derogatory) blockhead, stupid person"
150,shift2739, Semantic evolution,Old English,Old English: [clúd],"clúd: [a mass of rock, hill]","a mass of rock, hill",→,Old English: [English],clúd: [cloud],cloud: [cloud],cloud
151,shift2753, Semantic evolution,Latin,Latin: [capitalis],capitalis: [(relational) of the head],(relational) of the head,→,"Latin: [Catalan,Romansh]","capitalis: [capital,chapitala]","capital,chapitala: [capital city]",capital city
152,shift2772, Semantic evolution,Middle Persian (Pahlavi),Middle Persian (Pahlavi): [mkwk' /makōg/],mkwk' /makōg/: [boat],boat,→,Middle Persian (Pahlavi): [Farsi],mkwk' /makōg/: [makōk (مکوک)],makōk (مکوک): [shuttle (weaving instrument)],shuttle (weaving instrument)
153,shift2820, Semantic evolution,Latin,Latin: [capitulum],capitulum: [small head],small head,→,Latin: [Occitan],capitulum: [cabelh],cabelh: [corn head],corn head
154,shift2870, Semantic evolution,Latin,Latin: [longus],longus: [long],long,→,Latin: [French],longus: [loin],loin: [far],far
155,shift2882, Semantic evolution,Latin,Latin: [minuta],minuta: [small (adj. fem.)],small (adj. fem.),→,Latin: [Medieval Latin],minuta: [minuta],minuta: [minute],minute
156,shift2926, Semantic evolution,English,English: [maid],maid: [(arch.) an unmarried girl or woman],(arch.) an unmarried girl or woman,→,English: [English],maid: [maid],maid: [a female servant],a female servant
157,shift2971, Semantic evolution,Latin,Latin: [aculeus],"aculeus: [thorn, spine]","thorn, spine",→,Latin: [Old French],aculeus: [aiglant],aiglant: [wild rosebush],wild rosebush
158,shift2979, Semantic evolution,Sanskrit,Sanskrit: [álpa (अल्प)],"álpa (अल्प): [little, small]","little, small",→,Sanskrit: [Assamese],álpa (अल्प): [api (আপী)],api (আপী): [girl],girl
159,shift2988, Semantic evolution,Latin,Latin: [dominus],"dominus: [the master of a household, estate, or other property, owner, proprietor]","the master of a household, estate, or other property, owner, proprietor",→,Latin: [Italian],dominus: [donna],donna: [woman],woman
160,shift2990, Semantic evolution,Latin,Latin: [largus],"largus: [1) Munificent, generous, bountiful, lavish; 2) Furnished liberally, plentiful, bounteous, unstinted, copious]","1) Munificent, generous, bountiful, lavish; 2) Furnished liberally, plentiful, bounteous, unstinted, copious",→,Latin: [Spanish],largus: [largo],largo: [long],long
161,shift2991, Semantic evolution,Latin,Latin: [largus],"largus: [1) Munificent, generous, bountiful, lavish; 2) Furnished liberally, plentiful, bounteous, unstinted, copious], largus: [abundant, plentiful, copious]","1) Munificent, generous, bountiful, lavish; 2) Furnished liberally, plentiful, bounteous, unstinted, copious,abundant, plentiful, copious",→,"Latin: [Italian], Latin: [French,Portuguese]","largus: [largo], largus: [large,largo]","largo: [wide], large,largo: [wide, broad]","wide,wide, broad"
162,shift2994, Semantic evolution,Old English,Old English: [beám],beám: [a tree],a tree,→,Old English: [English],beám: [beam],"beam: [a long heavy piece of wood or metal used in building houses, bridges etc]","a long heavy piece of wood or metal used in building houses, bridges etc"
163,shift2995, Semantic evolution,Latin,Latin: [fustis],"fustis: [a stick, rod]","a stick, rod",→,Latin: [French],fustis: [fût],fût: [Tronc d'arbre dans sa partie droite et dépourvue de branches],Tronc d'arbre dans sa partie droite et dépourvue de branches
164,shift2996, Semantic evolution,Latin,Latin: [labor],"labor: [work, labour, toil]","work, labour, toil",→,Latin: [Catalan],labor: [llavor],"llavor: [grain, seed]","grain, seed"
165,shift2997, Semantic evolution,Latin,Latin: [gula],gula: [the throat with its passages],the throat with its passages,→,Latin: [Romanian],gula: [gură],gură: [mouth],mouth
166,shift2998, Semantic evolution,Portuguese,Portuguese: [asa],asa: [handle],handle,→,Portuguese: [Portuguese],asa: [asa],asa: [wing],wing
167,shift3041, Semantic evolution,Old Udi,Old Udi: [ajz],"ajz: [world, region, (inhabited) lands,]","world, region, (inhabited) lands,",→,Old Udi: [Udi],ajz: [aiz // ajiz],aiz // ajiz: [village],village
168,shift3045, Semantic evolution,Latvian,Latvian: [debess],debess: [cloud],cloud,←,Latvian: [Latvian],debess: [debess],debess: [(archaic) sky],(archaic) sky
169,shift3063, Semantic evolution,Old Norse,Old Norse: [æla],"æla: [to pour, to flow quickly]","to pour, to flow quickly",→,Old Norse: [Icelandic],æla: [æla],æla: [to vomit],to vomit
170,shift3064, Semantic evolution,French,French: [baiser],baiser: [(dated outside Canada) to kiss ],(dated outside Canada) to kiss ,→,French: [French],baiser: [baiser],"baiser: [(vulgar slang, transitive, intransitive) to fuck]","(vulgar slang, transitive, intransitive) to fuck"
171,shift3065, Semantic evolution,Ancient Greek,Ancient Greek: [γαμέω],"γαμέω: [marry, i.e. take to wife, of the man]","marry, i.e. take to wife, of the man",→,Ancient Greek: [Modern Greek],γαμέω: [γαμώ],"γαμώ: [(colloquial, vulgar) to fuck]","(colloquial, vulgar) to fuck"
172,shift3084, Semantic evolution,Latin,Latin: [tempestas],tempestas: [weather],weather,→,Latin: [Italian],tempestas: [tempesta],tempesta: [storm],storm
173,shift3085, Microevolution,Russian,Russian: [погода],погода: [weather],weather,←,Russian: [Russian],погода: [непогода],непогода: [good weather],good weather
174,shift3088, Semantic evolution,Latin,"Latin: [neco, necare]","neco, necare: [to kill]",to kill,→,"Latin: [French,Romanian,Catalan,Italian,Spanish]","neco, necare: [noyer,îneca,negar,annegare,anegar]","noyer,îneca,negar,annegare,anegar: [to sink, drown]","to sink, drown"
175,shift3089, Semantic evolution,"Galician, Latin","Galician: [verán], Latin: [ver]","verán: [(archaic) late spring and early summer], ver: [spring], ver: [spring (season)]","(archaic) late spring and early summer,spring,spring (season)",→,"Galician: [Galician], Latin: [Romanian], Latin: [Spanish,Portuguese]","verán: [verán], ver: [vară], ver: [verano,verão]","verán: [summer], vară: [summer], verano,verão: [summer]",summer
176,shift3090, Semantic evolution,Latin,Latin: [paludem],"paludem: [swamp, marsh]","swamp, marsh",→,Latin: [Romanian],paludem: [pădure],pădure: [forest],forest
177,shift3091, Semantic evolution,Latin,Latin: [visus],"visus: [look, gaze]","look, gaze",→,Latin: [Old French],visus: [vis],vis: [face],face
178,shift3092, Semantic evolution,Latin,Latin: [rostrum],rostrum: [beak],beak,→,"Latin: [Spanish,Galician]",rostrum: [rostro],rostro: [face],face
179,shift3095, Semantic evolution,Latin,Latin: [calere],calere: [to be hot],to be hot,→,Latin: [Old French],calere: [chaut],chaut: [necessary],necessary
180,shift3118, Semantic evolution,Old French,Old French: [garir],garir: [to protect],to protect,→,Old French: [French],garir: [guérir],guérir: [to heal],to heal
181,shift3140, Semantic evolution,Latin,Latin: [amarus],amarus: [bitter],bitter,→,Latin: [Spanish],amarus: [amarillo],amarillo: [yellow],yellow
182,shift3210, Semantic evolution,Ancient Greek,Ancient Greek: [μελᾰνείμων],μελᾰνείμων: [black clad],black clad,→,Ancient Greek: [Byzantine Greek],μελᾰνείμων: [μελᾰνείμων],μελᾰνείμων: [monk],monk
183,shift3231, Semantic evolution,Latin,Latin: [fusus],fusus: [spindle],spindle,→,Latin: [French],fusus: [fusain],fusain: [spindle wood],spindle wood
184,shift3241, Semantic evolution,Hungarian,Hungarian: [franc],franc: [French],French,→,Hungarian: [Hungarian],franc: [franc],franc: [syphilis],syphilis
185,shift3242, Semantic evolution,French,French: [col],col: [neck],neck,→,French: [French],col: [col],col: [neck (of bottle etc.)],neck (of bottle etc.)
186,shift3251, Microevolution,Russian,Russian: [понедельник],понедельник: [the day after Sunday],the day after Sunday,→,Russian: [Russian],понедельник: [неделя],неделя: [week],week
187,shift3282, Semantic evolution,Latin,Latin: [libra],libra: [weight unit],weight unit,→,Latin: [Italian],libra: [lira],lira: [money unit],money unit
188,shift3306, Semantic evolution,Italian,Italian: [pigliàre],"pigliàre: [to grab, catch, take]","to grab, catch, take",←,Italian: [Medieval Latin],"pigliàre: [pilo, pilare]","pilo, pilare: [to plunder]",to plunder
189,shift3376, Semantic evolution,Middle English,Middle English: [big],"big: [Of living beings: Of great strength or power; strong, stout, mighty]","Of living beings: Of great strength or power; strong, stout, mighty",→,Middle English: [English],big: [big],"big: [Of great size, bulk, or extent; large]","Of great size, bulk, or extent; large"
190,shift3406, Semantic evolution,German,German: [Witz],Witz: [knowledge],knowledge,→,German: [German],Witz: [Witz],Witz: [joke],joke
191,shift3484, Semantic evolution,"Amharic, Ancient Hebrew","Amharic: [tänättänä], Ancient Hebrew: [נִתַּח nittaḥ]","tänättänä: [to divide up the food and give one his allotted portion, e.g. steward in a monastery, to apportion], נִתַּח nittaḥ: [to divide into several parts]","to divide up the food and give one his allotted portion, e.g. steward in a monastery, to apportion,to divide into several parts",→,"Amharic: [Amharic], Ancient Hebrew: [Modern Hebrew]","tänättänä: [tänättänä], נִתַּח nittaḥ: [lenateaḥ]","tänättänä: [to analyze (a matter, a text), to treat (discuss)ö to clarify, explain, to describe], lenateaḥ: [to analyse]","to analyze (a matter, a text), to treat (discuss)ö to clarify, explain, to describe,to analyse"
192,shift3496, Semantic evolution,Ancient Hebrew,Ancient Hebrew: [חִיָּה ḥiyyā (pi'el-stem)],"חִיָּה ḥiyyā (pi'el-stem): [to let live, preserve alive]","to let live, preserve alive",→,Ancient Hebrew: [Ancient Hebrew],חִיָּה ḥiyyā (pi'el-stem): [חִיָּה ḥiyyā (pi'el-stem)],"חִיָּה ḥiyyā (pi'el-stem): [to repaire, restore]","to repaire, restore"
193,shift3501, Semantic evolution,Polish,Polish: [rzecz],"rzecz: [speech, conversation]","speech, conversation",→,Polish: [Polish],rzecz: [rzecz],rzecz: [thing],thing
194,shift3508, Semantic evolution,Old English,Old English: [wanten],wanten: [to be necessary],to be necessary,→,Old English: [English],wanten: [want],want: [to wish for or desire (something)],to wish for or desire (something)
195,shift3527, Semantic evolution,Macedonian,Macedonian: [глава],глава: [head],head,→,Macedonian: [Macedonian],глава: [глава],"глава: [top, upper part]","top, upper part"
196,shift3588, Semantic evolution,Classical Armenian,Classical Armenian: [šnorh (շնորհ)],"šnorh (շնորհ): [grace, favour; benefit, gift, something given freely]","grace, favour; benefit, gift, something given freely",→,Classical Armenian: [Armenian],šnorh (շնորհ): [šnorhkʿ (շնորհք)],šnorhkʿ (շնորհք): [talent],talent
197,shift3736, Semantic evolution,Sanskrit,Sanskrit: [mákara (मकर)],"mákara (मकर): [makara], mákara (मकर): [monster (supernatural)]","makara,monster (supernatural)",→,"Sanskrit: [Hindi], Sanskrit: [Urdu]","mákara (मकर): [magar (मगर)], mákara (मकर): [magar (مگر)]","magar (मगर): [crocodile], magar (مگر): [crocodile]",crocodile
198,shift3745, Semantic evolution,"Latin, Romanian","Latin: [cilium ], Latin: [palpebra ], Romanian: [geană]","cilium : [eyelid], palpebra : [eyelid], geană: [eyelid]",eyelid,—,"Latin: [Latin], Latin: [Occitan], Romanian: [Romanian]","cilium : [cilium ], palpebra : [parpèlha ], geană: [geană]","cilium : [eyelash], parpèlha : [eyelash], geană: [eyelash]",eyelash
199,shift3747, Semantic evolution,Latin,Latin: [costa],costa: [rib],rib,—,Latin: [Galician],costa: [costas],costas: [(pl.) back (body part)],(pl.) back (body part)
200,shift3771, Semantic evolution,Latin,Latin: [clueo],clueo: [to hear / to listen],to hear / to listen,—,Latin: [Latin],clueo: [clueo],"clueo: [to have a reputation, to pass for; to be reputed]","to have a reputation, to pass for; to be reputed"
201,shift3855, Semantic evolution,Old Irish,Old Irish: [*gasto-],*gasto-: [stranger],stranger,→,Old Irish: [Old Irish],*gasto-: [gataid],gataid: [to deprive],to deprive
202,shift3857, Semantic evolution,Russian,Russian: [напрасный],напрасный: [sudden],sudden,→,Russian: [Russian],напрасный: [напрасный],напрасный: [vain],vain
203,shift3906, Semantic evolution,Latin,Latin: [pupa],pupa: [little girl],little girl,—,Latin: [Latin],pupa: [pupille],pupille: [pupil (of an eye)],pupil (of an eye)
204,shift3946, Semantic evolution,"German, Russian","German: [Fähnrich], Russian: [прапорщик]","Fähnrich: [standart-bearer], прапорщик: [standart-bearer]",standart-bearer,→,"German: [German], Russian: [Russian]","Fähnrich: [Fähnrich], прапорщик: [прапорщик]","Fähnrich: [a military rank of the Bundeswehr, Austrian Armed Forces and former German armed forces], прапорщик: [military rank]","a military rank of the Bundeswehr, Austrian Armed Forces and former German armed forces,military rank"
205,shift3962, Semantic evolution,Cornish,Cornish: [gwragh],gwragh: [old woman],old woman,→,Cornish: [Cornish],gwragh: [gwragh],gwragh: [witch],witch
206,shift3963, Semantic evolution,Latin,Latin: [strix],"strix: [a kind of owl, regarded as a bird of ill omen, sometimes as a vampire or evil spirit]","a kind of owl, regarded as a bird of ill omen, sometimes as a vampire or evil spirit",→,Latin: [Italian],strix: [strige],strige: [witch],witch
207,shift4092, Semantic evolution,Brahui,Brahui: [*mun-],"*mun-: [front part, front]","front part, front",—,Brahui: [Brahui],*mun-: [muskōī],muskōī: [ancestor],ancestor
208,shift4100, Semantic evolution,Enindhilyagwa,Enindhilyagwa: [akwalaya],akwalaya: [fish],fish,→,Enindhilyagwa: [Enindhilyagwa],"akwalaya: [fishes, sea animals]","fishes, sea animals: [animals]",animals
209,shift4120, Semantic evolution,Kawi (Old Javanese),Kawi (Old Javanese): [jĕne],jĕne: [turmeric (Curcuma)],turmeric (Curcuma),→,Kawi (Old Javanese): [Javanese],jĕne: [jené],jené: [(krama) yellow],(krama) yellow
210,shift4122, Semantic evolution,Ancient Greek,Ancient Greek: [κίτρινος],κίτρινος: [of the citron tree],of the citron tree,→,Ancient Greek: [Modern Greek],κίτρινος: [κίτρινος],κίτρινος: [yellow],yellow
211,shift4197, Semantic evolution,Latin,Latin: [rapum],rapum: [turnip (Brassica rapa var. rapa)],turnip (Brassica rapa var. rapa),→,Latin: [Spanish],rapum: [rabo],rabo: [tail],tail
212,shift4200, Semantic evolution,Ancient Greek,Ancient Greek: [κύριος],κύριος: [lord],lord,→,Ancient Greek: [Apulia-Calabrian Greek],κύριος: [ciuri],ciuri: [father],father
213,shift4204, Semantic evolution,Ancient Hebrew,Ancient Hebrew: [ḥōṣän],"ḥōṣän: [fold of garment, bosom]","fold of garment, bosom",—,Ancient Hebrew: [Akkadian],ḥōṣän: [ḫiṣnu],ḫiṣnu: [protection],protection
214,shift4216, Semantic evolution,Gaulish,Gaulish: [*sepanios],"*sepanios: [to follow, go after smb.]","to follow, go after smb.",→,Gaulish: [Gothic],*sepanios: [siponeis],siponeis: [to be adherent],to be adherent
215,shift4228, Semantic evolution,"Italian, Latin, Spanish","Italian: [bruma], Latin: [bruma], Spanish: [bruma]",bruma: [winter],winter,→,"Italian: [Italian], Latin: [Catalan,French], Spanish: [Spanish]","bruma: [bruma], bruma: [broma,brume]","bruma: [mist, fog], broma,brume: [mist, fog], bruma: [haze, especially costal fog]","mist, fog,haze, especially costal fog"
216,shift4229, Semantic evolution,Latin,Latin: [bruma],"bruma: [winter solstice, (by extension) winter]","winter solstice, (by extension) winter",→,Latin: [Romanian],bruma: [brumă],brumă: [hoar-frost],hoar-frost
217,shift4235, Semantic evolution,Tauro-Romaic (Mariupol Greek),Tauro-Romaic (Mariupol Greek): [педъы],педъы: [son],son,←,Tauro-Romaic (Mariupol Greek): [Ancient Greek],педъы: [παιδίον],παιδίον: [child],child
218,shift4245, Semantic evolution,Tzotzil,Tzotzil: [7isak’],7isak’: [sweet potato (Ipomoea batatas)],sweet potato (Ipomoea batatas),→,Tzotzil: [Tzotzil],7isak’: [7isak’],7isak’: [potato],potato
219,shift4247, Semantic evolution,Finnish,Finnish: [peruna],peruna: [pear],pear,→,Finnish: [Finnish],peruna: [peruna],peruna: [potato],potato
220,shift4372, Semantic evolution,Latin,Latin: [ferrum],ferrum: [iron],iron,→,Latin: [Spanish],ferrum: [ferro],ferro: [galleys anchor],galleys anchor
221,shift4441, Semantic evolution,Old English,"Old English: [sċytel, sċutel]","sċytel, sċutel: [dart, arrow]","dart, arrow",→,Old English: [English],"sċytel, sċutel: [shuttle]",shuttle: [shuttle],shuttle
222,shift4557, Semantic evolution,Old Irish,"Old Irish: [slicht, sliocht]","slicht, sliocht: [footprint, track]","footprint, track",→,Old Irish: [Old Irish],"slicht, sliocht: [sliocht]","sliocht: [семья, род, племя, отпрыск, потомок]","семья, род, племя, отпрыск, потомок"
223,shift4596, Semantic evolution,Ancient Greek,Ancient Greek: [φακός],φακός: [lentil],lentil,→,Ancient Greek: [Modern Greek],φακός: [φακός],φακός: [lens],lens
224,shift4620, Semantic evolution,Old East Slavic,Old East Slavic: [въникнути],въникнути: [to get into],to get into,→,Old East Slavic: [Russian],въникнути: [вникнуть],вникнуть: [to understand],to understand
225,shift4646, Semantic evolution,Welsh,Welsh: [drych],drych: [to see/to look at],to see/to look at,→,Welsh: [Welsh],drych: [drych],drych: [mirror],mirror
226,shift4647, Semantic evolution,Portuguese,Portuguese: [dona],"dona: [female owner, mistress]","female owner, mistress",→,Portuguese: [Brazilian Portuguese],dona: [dona],dona: [wife],wife
227,shift4663, Semantic evolution,Latin,Latin: [libet (impers.)],libet (impers.): [to want],to want,→,Latin: [Medieval Latin],libet (impers.): [quodlibet],quodlibet: [anything],anything
228,shift4720, Semantic evolution,Old East Slavic,Old East Slavic: [дрѣмѫчии],дрѣмѫчии: [sleeping],sleeping,→,Old East Slavic: [Old East Slavic],дрѣмѫчии: [дремучий],дремучий: [dense (forest)],dense (forest)
229,shift4808, Semantic evolution,Latin,"Latin: [marito, -are]","marito, -are: [to marry]",to marry,→,Latin: [Latin],"marito, -are: [maritus]",maritus: [husband],husband
